rk_web_product_id,rk_web_variant_id,rk_web_variant_sku,rk_web_size,rk_web_size_stock,stock_inventory_variant_id,stock_size,stock_physical,stock_reserved,stock_available,match_rule,confidence,status,reason,mapping_version
6a7da36f8599810de42d79e2,colour:default,RK-DUMMYANAMIKA-DEFAULT,XS,1,,,,,,NO_STOCK_CANDIDATE,0,UNMATCHED,Stock has zero inventory variant records,v1-read-only
6a7da36f8599810de42d79e2,colour:default,RK-DUMMYANAMIKA-DEFAULT,S,3,,,,,,NO_STOCK_CANDIDATE,0,UNMATCHED,Stock has zero inventory variant records,v1-read-only
6a7da36f8599810de42d79e2,colour:default,RK-DUMMYANAMIKA-DEFAULT,M,1,,,,,,NO_STOCK_CANDIDATE,0,UNMATCHED,Stock has zero inventory variant records,v1-read-only
6a7da36f8599810de42d79e2,colour:default,RK-DUMMYANAMIKA-DEFAULT,L,0,,,,,,NO_STOCK_CANDIDATE,0,UNMATCHED,Stock has zero inventory variant records,v1-read-only
6a7da36f8599810de42d79e2,colour:default,RK-DUMMYANAMIKA-DEFAULT,XL,0,,,,,,NO_STOCK_CANDIDATE,0,UNMATCHED,Stock has zero inventory variant records,v1-read-only
6a7da36f8599810de42d79e4,colour:default,HK-DUMMYHASTAKALA-DEFAULT,XS,0,,,,,,NO_STOCK_CANDIDATE,0,UNMATCHED,Stock has zero inventory variant records,v1-read-only
6a7da36f8599810de42d79e4,colour:default,HK-DUMMYHASTAKALA-DEFAULT,S,0,,,,,,NO_STOCK_CANDIDATE,0,UNMATCHED,Stock has zero inventory variant records,v1-read-only
6a7da36f8599810de42d79e4,colour:default,HK-DUMMYHASTAKALA-DEFAULT,M,0,,,,,,NO_STOCK_CANDIDATE,0,UNMATCHED,Stock has zero inventory variant records,v1-read-only
6a7da36f8599810de42d79e4,colour:default,HK-DUMMYHASTAKALA-DEFAULT,L,0,,,,,,NO_STOCK_CANDIDATE,0,UNMATCHED,Stock has zero inventory variant records,v1-read-only
6a7da36f8599810de42d79e4,colour:default,HK-DUMMYHASTAKALA-DEFAULT,XL,0,,,,,,NO_STOCK_CANDIDATE,0,UNMATCHED,Stock has zero inventory variant records,v1-read-only
6a7da36f8599810de42d79e6,colour:default,IA-DUMMYINAARA-DEFAULT,XS,0,,,,,,NO_STOCK_CANDIDATE,0,UNMATCHED,Stock has zero inventory variant records,v1-read-only
6a7da36f8599810de42d79e6,colour:default,IA-DUMMYINAARA-DEFAULT,S,0,,,,,,NO_STOCK_CANDIDATE,0,UNMATCHED,Stock has zero inventory variant records,v1-read-only
6a7da36f8599810de42d79e6,colour:default,IA-DUMMYINAARA-DEFAULT,M,0,,,,,,NO_STOCK_CANDIDATE,0,UNMATCHED,Stock has zero inventory variant records,v1-read-only
6a7da36f8599810de42d79e6,colour:default,IA-DUMMYINAARA-DEFAULT,L,0,,,,,,NO_STOCK_CANDIDATE,0,UNMATCHED,Stock has zero inventory variant records,v1-read-only
6a7da36f8599810de42d79e6,colour:default,IA-DUMMYINAARA-DEFAULT,XL,0,,,,,,NO_STOCK_CANDIDATE,0,UNMATCHED,Stock has zero inventory variant records,v1-read-only
6a7da36f8599810de42d79e8,colour:default,NQ-DUMMYNAQAB-DEFAULT,XS,0,,,,,,NO_STOCK_CANDIDATE,0,UNMATCHED,Stock has zero inventory variant records,v1-read-only
6a7da36f8599810de42d79e8,colour:default,NQ-DUMMYNAQAB-DEFAULT,S,0,,,,,,NO_STOCK_CANDIDATE,0,UNMATCHED,Stock has zero inventory variant records,v1-read-only
6a7da36f8599810de42d79e8,colour:default,NQ-DUMMYNAQAB-DEFAULT,M,0,,,,,,NO_STOCK_CANDIDATE,0,UNMATCHED,Stock has zero inventory variant records,v1-read-only
6a7da36f8599810de42d79e8,colour:default,NQ-DUMMYNAQAB-DEFAULT,L,0,,,,,,NO_STOCK_CANDIDATE,0,UNMATCHED,Stock has zero inventory variant records,v1-read-only
6a7da36f8599810de42d79e8,colour:default,NQ-DUMMYNAQAB-DEFAULT,XL,0,,,,,,NO_STOCK_CANDIDATE,0,UNMATCHED,Stock has zero inventory variant records,v1-read-only
6a7da36f8599810de42d79ea,colour:default,SK-DUMMYSANDOOK-DEFAULT,XS,0,,,,,,NO_STOCK_CANDIDATE,0,UNMATCHED,Stock has zero inventory variant records,v1-read-only
6a7da36f8599810de42d79ea,colour:default,SK-DUMMYSANDOOK-DEFAULT,S,0,,,,,,NO_STOCK_CANDIDATE,0,UNMATCHED,Stock has zero inventory variant records,v1-read-only
6a7da36f8599810de42d79ea,colour:default,SK-DUMMYSANDOOK-DEFAULT,M,0,,,,,,NO_STOCK_CANDIDATE,0,UNMATCHED,Stock has zero inventory variant records,v1-read-only
6a7da36f8599810de42d79ea,colour:default,SK-DUMMYSANDOOK-DEFAULT,L,0,,,,,,NO_STOCK_CANDIDATE,0,UNMATCHED,Stock has zero inventory variant records,v1-read-only
6a7da36f8599810de42d79ea,colour:default,SK-DUMMYSANDOOK-DEFAULT,XL,0,,,,,,NO_STOCK_CANDIDATE,0,UNMATCHED,Stock has zero inventory variant records,v1-read-only
6a80654eebf446bc2f03364b,colour:hot-pink,HK-173-HOT-PINK,XS,0,,,,,,NO_STOCK_CANDIDATE,0,UNMATCHED,Stock has zero inventory variant records,v1-read-only
6a80654eebf446bc2f03364b,colour:hot-pink,HK-173-HOT-PINK,S,0,,,,,,NO_STOCK_CANDIDATE,0,UNMATCHED,Stock has zero inventory variant records,v1-read-only
6a80654eebf446bc2f03364b,colour:hot-pink,HK-173-HOT-PINK,M,0,,,,,,NO_STOCK_CANDIDATE,0,UNMATCHED,Stock has zero inventory variant records,v1-read-only
6a80654eebf446bc2f03364b,colour:hot-pink,HK-173-HOT-PINK,L,0,,,,,,NO_STOCK_CANDIDATE,0,UNMATCHED,Stock has zero inventory variant records,v1-read-only
6a80654eebf446bc2f03364b,colour:hot-pink,HK-173-HOT-PINK,XL,0,,,,,,NO_STOCK_CANDIDATE,0,UNMATCHED,Stock has zero inventory variant records,v1-read-only
6a80654eebf446bc2f03364c,colour:ivory,IA-186-IVORY,XS,0,,,,,,NO_STOCK_CANDIDATE,0,UNMATCHED,Stock has zero inventory variant records,v1-read-only
6a80654eebf446bc2f03364c,colour:ivory,IA-186-IVORY,S,0,,,,,,NO_STOCK_CANDIDATE,0,UNMATCHED,Stock has zero inventory variant records,v1-read-only
6a80654eebf446bc2f03364c,colour:ivory,IA-186-IVORY,M,0,,,,,,NO_STOCK_CANDIDATE,0,UNMATCHED,Stock has zero inventory variant records,v1-read-only
6a80654eebf446bc2f03364c,colour:ivory,IA-186-IVORY,L,0,,,,,,NO_STOCK_CANDIDATE,0,UNMATCHED,Stock has zero inventory variant records,v1-read-only
6a80654eebf446bc2f03364c,colour:ivory,IA-186-IVORY,XL,0,,,,,,NO_STOCK_CANDIDATE,0,UNMATCHED,Stock has zero inventory variant records,v1-read-only
6a860a51bc890767f0aac7d9,colour:black,AK-CK45-BLACK,XS,0,,,,,,NO_STOCK_CANDIDATE,0,UNMATCHED,Stock has zero inventory variant records,v1-read-only
6a860a51bc890767f0aac7d9,colour:black,AK-CK45-BLACK,S,0,,,,,,NO_STOCK_CANDIDATE,0,UNMATCHED,Stock has zero inventory variant records,v1-read-only
6a860a51bc890767f0aac7d9,colour:black,AK-CK45-BLACK,M,0,,,,,,NO_STOCK_CANDIDATE,0,UNMATCHED,Stock has zero inventory variant records,v1-read-only
6a860a51bc890767f0aac7d9,colour:black,AK-CK45-BLACK,L,0,,,,,,NO_STOCK_CANDIDATE,0,UNMATCHED,Stock has zero inventory variant records,v1-read-only
6a860a51bc890767f0aac7d9,colour:black,AK-CK45-BLACK,XL,0,,,,,,NO_STOCK_CANDIDATE,0,UNMATCHED,Stock has zero inventory variant records,v1-read-only
6a860a51bc890767f0aac7d9,colour:ivory,AK-CK45-IVORY,XS,0,,,,,,NO_STOCK_CANDIDATE,0,UNMATCHED,Stock has zero inventory variant records,v1-read-only
6a860a51bc890767f0aac7d9,colour:ivory,AK-CK45-IVORY,S,0,,,,,,NO_STOCK_CANDIDATE,0,UNMATCHED,Stock has zero inventory variant records,v1-read-only
6a860a51bc890767f0aac7d9,colour:ivory,AK-CK45-IVORY,M,0,,,,,,NO_STOCK_CANDIDATE,0,UNMATCHED,Stock has zero inventory variant records,v1-read-only
6a860a51bc890767f0aac7d9,colour:ivory,AK-CK45-IVORY,L,0,,,,,,NO_STOCK_CANDIDATE,0,UNMATCHED,Stock has zero inventory variant records,v1-read-only
6a860a51bc890767f0aac7d9,colour:ivory,AK-CK45-IVORY,XL,0,,,,,,NO_STOCK_CANDIDATE,0,UNMATCHED,Stock has zero inventory variant records,v1-read-only
6a860a52bc890767f0aac7da,colour:black,AK-CK05-BLACK,XS,0,,,,,,NO_STOCK_CANDIDATE,0,UNMATCHED,Stock has zero inventory variant records,v1-read-only
6a860a52bc890767f0aac7da,colour:black,AK-CK05-BLACK,S,0,,,,,,NO_STOCK_CANDIDATE,0,UNMATCHED,Stock has zero inventory variant records,v1-read-only
6a860a52bc890767f0aac7da,colour:black,AK-CK05-BLACK,M,0,,,,,,NO_STOCK_CANDIDATE,0,UNMATCHED,Stock has zero inventory variant records,v1-read-only
6a860a52bc890767f0aac7da,colour:black,AK-CK05-BLACK,L,0,,,,,,NO_STOCK_CANDIDATE,0,UNMATCHED,Stock has zero inventory variant records,v1-read-only
6a860a52bc890767f0aac7da,colour:black,AK-CK05-BLACK,XL,0,,,,,,NO_STOCK_CANDIDATE,0,UNMATCHED,Stock has zero inventory variant records,v1-read-only
6a860a52bc890767f0aac7da,colour:berry,AK-CK05-BERRY,XS,0,,,,,,NO_STOCK_CANDIDATE,0,UNMATCHED,Stock has zero inventory variant records,v1-read-only
6a860a52bc890767f0aac7da,colour:berry,AK-CK05-BERRY,S,0,,,,,,NO_STOCK_CANDIDATE,0,UNMATCHED,Stock has zero inventory variant records,v1-read-only
6a860a52bc890767f0aac7da,colour:berry,AK-CK05-BERRY,M,0,,,,,,NO_STOCK_CANDIDATE,0,UNMATCHED,Stock has zero inventory variant records,v1-read-only
6a860a52bc890767f0aac7da,colour:berry,AK-CK05-BERRY,L,0,,,,,,NO_STOCK_CANDIDATE,0,UNMATCHED,Stock has zero inventory variant records,v1-read-only
6a860a52bc890767f0aac7da,colour:berry,AK-CK05-BERRY,XL,0,,,,,,NO_STOCK_CANDIDATE,0,UNMATCHED,Stock has zero inventory variant records,v1-read-only
6a860a53bc890767f0aac7db,colour:ivory,AK-CK55-IVORY,XS,0,,,,,,NO_STOCK_CANDIDATE,0,UNMATCHED,Stock has zero inventory variant records,v1-read-only
6a860a53bc890767f0aac7db,colour:ivory,AK-CK55-IVORY,S,0,,,,,,NO_STOCK_CANDIDATE,0,UNMATCHED,Stock has zero inventory variant records,v1-read-only
6a860a53bc890767f0aac7db,colour:ivory,AK-CK55-IVORY,M,0,,,,,,NO_STOCK_CANDIDATE,0,UNMATCHED,Stock has zero inventory variant records,v1-read-only
6a860a53bc890767f0aac7db,colour:ivory,AK-CK55-IVORY,L,0,,,,,,NO_STOCK_CANDIDATE,0,UNMATCHED,Stock has zero inventory variant records,v1-read-only
6a860a53bc890767f0aac7db,colour:ivory,AK-CK55-IVORY,XL,0,,,,,,NO_STOCK_CANDIDATE,0,UNMATCHED,Stock has zero inventory variant records,v1-read-only
6a860a54bc890767f0aac7dc,colour:black,AK-CK56A-BLACK,XS,0,,,,,,NO_STOCK_CANDIDATE,0,UNMATCHED,Stock has zero inventory variant records,v1-read-only
6a860a54bc890767f0aac7dc,colour:black,AK-CK56A-BLACK,S,0,,,,,,NO_STOCK_CANDIDATE,0,UNMATCHED,Stock has zero inventory variant records,v1-read-only
6a860a54bc890767f0aac7dc,colour:black,AK-CK56A-BLACK,M,0,,,,,,NO_STOCK_CANDIDATE,0,UNMATCHED,Stock has zero inventory variant records,v1-read-only
6a860a54bc890767f0aac7dc,colour:black,AK-CK56A-BLACK,L,0,,,,,,NO_STOCK_CANDIDATE,0,UNMATCHED,Stock has zero inventory variant records,v1-read-only
6a860a54bc890767f0aac7dc,colour:black,AK-CK56A-BLACK,XL,0,,,,,,NO_STOCK_CANDIDATE,0,UNMATCHED,Stock has zero inventory variant records,v1-read-only
6a860a54bc890767f0aac7dc,colour:ash-grey,AK-CK56A-ASH-GREY,XS,0,,,,,,NO_STOCK_CANDIDATE,0,UNMATCHED,Stock has zero inventory variant records,v1-read-only
6a860a54bc890767f0aac7dc,colour:ash-grey,AK-CK56A-ASH-GREY,S,0,,,,,,NO_STOCK_CANDIDATE,0,UNMATCHED,Stock has zero inventory variant records,v1-read-only
6a860a54bc890767f0aac7dc,colour:ash-grey,AK-CK56A-ASH-GREY,M,0,,,,,,NO_STOCK_CANDIDATE,0,UNMATCHED,Stock has zero inventory variant records,v1-read-only
6a860a54bc890767f0aac7dc,colour:ash-grey,AK-CK56A-ASH-GREY,L,0,,,,,,NO_STOCK_CANDIDATE,0,UNMATCHED,Stock has zero inventory variant records,v1-read-only
6a860a54bc890767f0aac7dc,colour:ash-grey,AK-CK56A-ASH-GREY,XL,0,,,,,,NO_STOCK_CANDIDATE,0,UNMATCHED,Stock has zero inventory variant records,v1-read-only
6a860a54bc890767f0aac7dd,colour:black,AK-CK44-BLACK,XS,0,,,,,,NO_STOCK_CANDIDATE,0,UNMATCHED,Stock has zero inventory variant records,v1-read-only
6a860a54bc890767f0aac7dd,colour:black,AK-CK44-BLACK,S,0,,,,,,NO_STOCK_CANDIDATE,0,UNMATCHED,Stock has zero inventory variant records,v1-read-only
6a860a54bc890767f0aac7dd,colour:black,AK-CK44-BLACK,M,0,,,,,,NO_STOCK_CANDIDATE,0,UNMATCHED,Stock has zero inventory variant records,v1-read-only
6a860a54bc890767f0aac7dd,colour:black,AK-CK44-BLACK,L,0,,,,,,NO_STOCK_CANDIDATE,0,UNMATCHED,Stock has zero inventory variant records,v1-read-only
6a860a54bc890767f0aac7dd,colour:black,AK-CK44-BLACK,XL,0,,,,,,NO_STOCK_CANDIDATE,0,UNMATCHED,Stock has zero inventory variant records,v1-read-only
6a860a54bc890767f0aac7dd,colour:dusty-ivory,AK-CK44-DUSTY-IVORY,XS,0,,,,,,NO_STOCK_CANDIDATE,0,UNMATCHED,Stock has zero inventory variant records,v1-read-only
6a860a54bc890767f0aac7dd,colour:dusty-ivory,AK-CK44-DUSTY-IVORY,S,0,,,,,,NO_STOCK_CANDIDATE,0,UNMATCHED,Stock has zero inventory variant records,v1-read-only
6a860a54bc890767f0aac7dd,colour:dusty-ivory,AK-CK44-DUSTY-IVORY,M,0,,,,,,NO_STOCK_CANDIDATE,0,UNMATCHED,Stock has zero inventory variant records,v1-read-only
6a860a54bc890767f0aac7dd,colour:dusty-ivory,AK-CK44-DUSTY-IVORY,L,0,,,,,,NO_STOCK_CANDIDATE,0,UNMATCHED,Stock has zero inventory variant records,v1-read-only
6a860a54bc890767f0aac7dd,colour:dusty-ivory,AK-CK44-DUSTY-IVORY,XL,0,,,,,,NO_STOCK_CANDIDATE,0,UNMATCHED,Stock has zero inventory variant records,v1-read-only
6a860a54bc890767f0aac7dd,colour:teal,AK-CK44-TEAL,XS,0,,,,,,NO_STOCK_CANDIDATE,0,UNMATCHED,Stock has zero inventory variant records,v1-read-only
6a860a54bc890767f0aac7dd,colour:teal,AK-CK44-TEAL,S,0,,,,,,NO_STOCK_CANDIDATE,0,UNMATCHED,Stock has zero inventory variant records,v1-read-only
6a860a54bc890767f0aac7dd,colour:teal,AK-CK44-TEAL,M,0,,,,,,NO_STOCK_CANDIDATE,0,UNMATCHED,Stock has zero inventory variant records,v1-read-only
6a860a54bc890767f0aac7dd,colour:teal,AK-CK44-TEAL,L,0,,,,,,NO_STOCK_CANDIDATE,0,UNMATCHED,Stock has zero inventory variant records,v1-read-only
6a860a54bc890767f0aac7dd,colour:teal,AK-CK44-TEAL,XL,0,,,,,,NO_STOCK_CANDIDATE,0,UNMATCHED,Stock has zero inventory variant records,v1-read-only
6a860a55bc890767f0aac7de,colour:ivory,AK-CK27-IVORY,XS,0,,,,,,NO_STOCK_CANDIDATE,0,UNMATCHED,Stock has zero inventory variant records,v1-read-only
6a860a55bc890767f0aac7de,colour:ivory,AK-CK27-IVORY,S,0,,,,,,NO_STOCK_CANDIDATE,0,UNMATCHED,Stock has zero inventory variant records,v1-read-only
6a860a55bc890767f0aac7de,colour:ivory,AK-CK27-IVORY,M,0,,,,,,NO_STOCK_CANDIDATE,0,UNMATCHED,Stock has zero inventory variant records,v1-read-only
6a860a55bc890767f0aac7de,colour:ivory,AK-CK27-IVORY,L,0,,,,,,NO_STOCK_CANDIDATE,0,UNMATCHED,Stock has zero inventory variant records,v1-read-only
6a860a55bc890767f0aac7de,colour:ivory,AK-CK27-IVORY,XL,0,,,,,,NO_STOCK_CANDIDATE,0,UNMATCHED,Stock has zero inventory variant records,v1-read-only
6a860a55bc890767f0aac7de,colour:ash-grey,AK-CK27-ASH-GREY,XS,0,,,,,,NO_STOCK_CANDIDATE,0,UNMATCHED,Stock has zero inventory variant records,v1-read-only
6a860a55bc890767f0aac7de,colour:ash-grey,AK-CK27-ASH-GREY,S,0,,,,,,NO_STOCK_CANDIDATE,0,UNMATCHED,Stock has zero inventory variant records,v1-read-only
6a860a55bc890767f0aac7de,colour:ash-grey,AK-CK27-ASH-GREY,M,0,,,,,,NO_STOCK_CANDIDATE,0,UNMATCHED,Stock has zero inventory variant records,v1-read-only
6a860a55bc890767f0aac7de,colour:ash-grey,AK-CK27-ASH-GREY,L,0,,,,,,NO_STOCK_CANDIDATE,0,UNMATCHED,Stock has zero inventory variant records,v1-read-only
6a860a55bc890767f0aac7de,colour:ash-grey,AK-CK27-ASH-GREY,XL,0,,,,,,NO_STOCK_CANDIDATE,0,UNMATCHED,Stock has zero inventory variant records,v1-read-only
6a860a55bc890767f0aac7df,colour:dusty-ivory,AK-CK36-DUSTY-IVORY,XS,0,,,,,,NO_STOCK_CANDIDATE,0,UNMATCHED,Stock has zero inventory variant records,v1-read-only
6a860a55bc890767f0aac7df,colour:dusty-ivory,AK-CK36-DUSTY-IVORY,S,0,,,,,,NO_STOCK_CANDIDATE,0,UNMATCHED,Stock has zero inventory variant records,v1-read-only
6a860a55bc890767f0aac7df,colour:dusty-ivory,AK-CK36-DUSTY-IVORY,M,0,,,,,,NO_STOCK_CANDIDATE,0,UNMATCHED,Stock has zero inventory variant records,v1-read-only
6a860a55bc890767f0aac7df,colour:dusty-ivory,AK-CK36-DUSTY-IVORY,L,0,,,,,,NO_STOCK_CANDIDATE,0,UNMATCHED,Stock has zero inventory variant records,v1-read-only
6a860a55bc890767f0aac7df,colour:dusty-ivory,AK-CK36-DUSTY-IVORY,XL,0,,,,,,NO_STOCK_CANDIDATE,0,UNMATCHED,Stock has zero inventory variant records,v1-read-only
6a860a55bc890767f0aac7df,colour:black,AK-CK36-BLACK,XS,0,,,,,,NO_STOCK_CANDIDATE,0,UNMATCHED,Stock has zero inventory variant records,v1-read-only
6a860a55bc890767f0aac7df,colour:black,AK-CK36-BLACK,S,0,,,,,,NO_STOCK_CANDIDATE,0,UNMATCHED,Stock has zero inventory variant records,v1-read-only
6a860a55bc890767f0aac7df,colour:black,AK-CK36-BLACK,M,0,,,,,,NO_STOCK_CANDIDATE,0,UNMATCHED,Stock has zero inventory variant records,v1-read-only
6a860a55bc890767f0aac7df,colour:black,AK-CK36-BLACK,L,0,,,,,,NO_STOCK_CANDIDATE,0,UNMATCHED,Stock has zero inventory variant records,v1-read-only
6a860a55bc890767f0aac7df,colour:black,AK-CK36-BLACK,XL,0,,,,,,NO_STOCK_CANDIDATE,0,UNMATCHED,Stock has zero inventory variant records,v1-read-only
6a860a55bc890767f0aac7df,colour:ash-blue,AK-CK36-ASH-BLUE,XS,0,,,,,,NO_STOCK_CANDIDATE,0,UNMATCHED,Stock has zero inventory variant records,v1-read-only
6a860a55bc890767f0aac7df,colour:ash-blue,AK-CK36-ASH-BLUE,S,0,,,,,,NO_STOCK_CANDIDATE,0,UNMATCHED,Stock has zero inventory variant records,v1-read-only
6a860a55bc890767f0aac7df,colour:ash-blue,AK-CK36-ASH-BLUE,M,0,,,,,,NO_STOCK_CANDIDATE,0,UNMATCHED,Stock has zero inventory variant records,v1-read-only
6a860a55bc890767f0aac7df,colour:ash-blue,AK-CK36-ASH-BLUE,L,0,,,,,,NO_STOCK_CANDIDATE,0,UNMATCHED,Stock has zero inventory variant records,v1-read-only
6a860a55bc890767f0aac7df,colour:ash-blue,AK-CK36-ASH-BLUE,XL,0,,,,,,NO_STOCK_CANDIDATE,0,UNMATCHED,Stock has zero inventory variant records,v1-read-only
6a860a55bc890767f0aac7e0,colour:lilac,AK-CK17-LILAC,XS,0,,,,,,NO_STOCK_CANDIDATE,0,UNMATCHED,Stock has zero inventory variant records,v1-read-only
6a860a55bc890767f0aac7e0,colour:lilac,AK-CK17-LILAC,S,0,,,,,,NO_STOCK_CANDIDATE,0,UNMATCHED,Stock has zero inventory variant records,v1-read-only
6a860a55bc890767f0aac7e0,colour:lilac,AK-CK17-LILAC,M,0,,,,,,NO_STOCK_CANDIDATE,0,UNMATCHED,Stock has zero inventory variant records,v1-read-only
6a860a55bc890767f0aac7e0,colour:lilac,AK-CK17-LILAC,L,0,,,,,,NO_STOCK_CANDIDATE,0,UNMATCHED,Stock has zero inventory variant records,v1-read-only
6a860a55bc890767f0aac7e0,colour:lilac,AK-CK17-LILAC,XL,0,,,,,,NO_STOCK_CANDIDATE,0,UNMATCHED,Stock has zero inventory variant records,v1-read-only
6a860a55bc890767f0aac7e1,colour:ivory,AK-CK49-IVORY,XS,0,,,,,,NO_STOCK_CANDIDATE,0,UNMATCHED,Stock has zero inventory variant records,v1-read-only
6a860a55bc890767f0aac7e1,colour:ivory,AK-CK49-IVORY,S,0,,,,,,NO_STOCK_CANDIDATE,0,UNMATCHED,Stock has zero inventory variant records,v1-read-only
6a860a55bc890767f0aac7e1,colour:ivory,AK-CK49-IVORY,M,0,,,,,,NO_STOCK_CANDIDATE,0,UNMATCHED,Stock has zero inventory variant records,v1-read-only
6a860a55bc890767f0aac7e1,colour:ivory,AK-CK49-IVORY,L,0,,,,,,NO_STOCK_CANDIDATE,0,UNMATCHED,Stock has zero inventory variant records,v1-read-only
6a860a55bc890767f0aac7e1,colour:ivory,AK-CK49-IVORY,XL,0,,,,,,NO_STOCK_CANDIDATE,0,UNMATCHED,Stock has zero inventory variant records,v1-read-only
6a860a55bc890767f0aac7e2,colour:powder-pink,AK-CK50-POWDER-PINK,XS,0,,,,,,NO_STOCK_CANDIDATE,0,UNMATCHED,Stock has zero inventory variant records,v1-read-only
6a860a55bc890767f0aac7e2,colour:powder-pink,AK-CK50-POWDER-PINK,S,0,,,,,,NO_STOCK_CANDIDATE,0,UNMATCHED,Stock has zero inventory variant records,v1-read-only
6a860a55bc890767f0aac7e2,colour:powder-pink,AK-CK50-POWDER-PINK,M,0,,,,,,NO_STOCK_CANDIDATE,0,UNMATCHED,Stock has zero inventory variant records,v1-read-only
6a860a55bc890767f0aac7e2,colour:powder-pink,AK-CK50-POWDER-PINK,L,0,,,,,,NO_STOCK_CANDIDATE,0,UNMATCHED,Stock has zero inventory variant records,v1-read-only
6a860a55bc890767f0aac7e2,colour:powder-pink,AK-CK50-POWDER-PINK,XL,0,,,,,,NO_STOCK_CANDIDATE,0,UNMATCHED,Stock has zero inventory variant records,v1-read-only
6a860a55bc890767f0aac7e3,colour:ash-blue,AK-CK51-ASH-BLUE,XS,0,,,,,,NO_STOCK_CANDIDATE,0,UNMATCHED,Stock has zero inventory variant records,v1-read-only
6a860a55bc890767f0aac7e3,colour:ash-blue,AK-CK51-ASH-BLUE,S,0,,,,,,NO_STOCK_CANDIDATE,0,UNMATCHED,Stock has zero inventory variant records,v1-read-only
6a860a55bc890767f0aac7e3,colour:ash-blue,AK-CK51-ASH-BLUE,M,0,,,,,,NO_STOCK_CANDIDATE,0,UNMATCHED,Stock has zero inventory variant records,v1-read-only
6a860a55bc890767f0aac7e3,colour:ash-blue,AK-CK51-ASH-BLUE,L,0,,,,,,NO_STOCK_CANDIDATE,0,UNMATCHED,Stock has zero inventory variant records,v1-read-only
6a860a55bc890767f0aac7e3,colour:ash-blue,AK-CK51-ASH-BLUE,XL,0,,,,,,NO_STOCK_CANDIDATE,0,UNMATCHED,Stock has zero inventory variant records,v1-read-only
6a860a55bc890767f0aac7e4,colour:dusty-ivory,AK-CK53-DUSTY-IVORY,XS,0,,,,,,NO_STOCK_CANDIDATE,0,UNMATCHED,Stock has zero inventory variant records,v1-read-only
6a860a55bc890767f0aac7e4,colour:dusty-ivory,AK-CK53-DUSTY-IVORY,S,0,,,,,,NO_STOCK_CANDIDATE,0,UNMATCHED,Stock has zero inventory variant records,v1-read-only
6a860a55bc890767f0aac7e4,colour:dusty-ivory,AK-CK53-DUSTY-IVORY,M,0,,,,,,NO_STOCK_CANDIDATE,0,UNMATCHED,Stock has zero inventory variant records,v1-read-only
6a860a55bc890767f0aac7e4,colour:dusty-ivory,AK-CK53-DUSTY-IVORY,L,0,,,,,,NO_STOCK_CANDIDATE,0,UNMATCHED,Stock has zero inventory variant records,v1-read-only
6a860a55bc890767f0aac7e4,colour:dusty-ivory,AK-CK53-DUSTY-IVORY,XL,0,,,,,,NO_STOCK_CANDIDATE,0,UNMATCHED,Stock has zero inventory variant records,v1-read-only
6a860a55bc890767f0aac7e4,colour:ash-blue,AK-CK53-ASH-BLUE,XS,0,,,,,,NO_STOCK_CANDIDATE,0,UNMATCHED,Stock has zero inventory variant records,v1-read-only
6a860a55bc890767f0aac7e4,colour:ash-blue,AK-CK53-ASH-BLUE,S,0,,,,,,NO_STOCK_CANDIDATE,0,UNMATCHED,Stock has zero inventory variant records,v1-read-only
6a860a55bc890767f0aac7e4,colour:ash-blue,AK-CK53-ASH-BLUE,M,0,,,,,,NO_STOCK_CANDIDATE,0,UNMATCHED,Stock has zero inventory variant records,v1-read-only
6a860a55bc890767f0aac7e4,colour:ash-blue,AK-CK53-ASH-BLUE,L,0,,,,,,NO_STOCK_CANDIDATE,0,UNMATCHED,Stock has zero inventory variant records,v1-read-only
6a860a55bc890767f0aac7e4,colour:ash-blue,AK-CK53-ASH-BLUE,XL,0,,,,,,NO_STOCK_CANDIDATE,0,UNMATCHED,Stock has zero inventory variant records,v1-read-only
6a860a55bc890767f0aac7e4,colour:black,AK-CK53-BLACK,XS,0,,,,,,NO_STOCK_CANDIDATE,0,UNMATCHED,Stock has zero inventory variant records,v1-read-only
6a860a55bc890767f0aac7e4,colour:black,AK-CK53-BLACK,S,0,,,,,,NO_STOCK_CANDIDATE,0,UNMATCHED,Stock has zero inventory variant records,v1-read-only
6a860a55bc890767f0aac7e4,colour:black,AK-CK53-BLACK,M,0,,,,,,NO_STOCK_CANDIDATE,0,UNMATCHED,Stock has zero inventory variant records,v1-read-only
6a860a55bc890767f0aac7e4,colour:black,AK-CK53-BLACK,L,0,,,,,,NO_STOCK_CANDIDATE,0,UNMATCHED,Stock has zero inventory variant records,v1-read-only
6a860a55bc890767f0aac7e4,colour:black,AK-CK53-BLACK,XL,0,,,,,,NO_STOCK_CANDIDATE,0,UNMATCHED,Stock has zero inventory variant records,v1-read-only
6a860a55bc890767f0aac7e5,colour:lilac,AK-CK10A-LILAC,XS,0,,,,,,NO_STOCK_CANDIDATE,0,UNMATCHED,Stock has zero inventory variant records,v1-read-only
6a860a55bc890767f0aac7e5,colour:lilac,AK-CK10A-LILAC,S,0,,,,,,NO_STOCK_CANDIDATE,0,UNMATCHED,Stock has zero inventory variant records,v1-read-only
6a860a55bc890767f0aac7e5,colour:lilac,AK-CK10A-LILAC,M,0,,,,,,NO_STOCK_CANDIDATE,0,UNMATCHED,Stock has zero inventory variant records,v1-read-only
6a860a55bc890767f0aac7e5,colour:lilac,AK-CK10A-LILAC,L,0,,,,,,NO_STOCK_CANDIDATE,0,UNMATCHED,Stock has zero inventory variant records,v1-read-only
6a860a55bc890767f0aac7e5,colour:lilac,AK-CK10A-LILAC,XL,0,,,,,,NO_STOCK_CANDIDATE,0,UNMATCHED,Stock has zero inventory variant records,v1-read-only
6a860a55bc890767f0aac7e6,colour:taupe,AK-CK64-TAUPE,XS,0,,,,,,NO_STOCK_CANDIDATE,0,UNMATCHED,Stock has zero inventory variant records,v1-read-only
6a860a55bc890767f0aac7e6,colour:taupe,AK-CK64-TAUPE,S,0,,,,,,NO_STOCK_CANDIDATE,0,UNMATCHED,Stock has zero inventory variant records,v1-read-only
6a860a55bc890767f0aac7e6,colour:taupe,AK-CK64-TAUPE,M,0,,,,,,NO_STOCK_CANDIDATE,0,UNMATCHED,Stock has zero inventory variant records,v1-read-only
6a860a55bc890767f0aac7e6,colour:taupe,AK-CK64-TAUPE,L,0,,,,,,NO_STOCK_CANDIDATE,0,UNMATCHED,Stock has zero inventory variant records,v1-read-only
6a860a55bc890767f0aac7e6,colour:taupe,AK-CK64-TAUPE,XL,0,,,,,,NO_STOCK_CANDIDATE,0,UNMATCHED,Stock has zero inventory variant records,v1-read-only
6a860a55bc890767f0aac7e6,colour:ash-grey,AK-CK64-ASH-GREY,XS,0,,,,,,NO_STOCK_CANDIDATE,0,UNMATCHED,Stock has zero inventory variant records,v1-read-only
6a860a55bc890767f0aac7e6,colour:ash-grey,AK-CK64-ASH-GREY,S,0,,,,,,NO_STOCK_CANDIDATE,0,UNMATCHED,Stock has zero inventory variant records,v1-read-only
6a860a55bc890767f0aac7e6,colour:ash-grey,AK-CK64-ASH-GREY,M,0,,,,,,NO_STOCK_CANDIDATE,0,UNMATCHED,Stock has zero inventory variant records,v1-read-only
6a860a55bc890767f0aac7e6,colour:ash-grey,AK-CK64-ASH-GREY,L,0,,,,,,NO_STOCK_CANDIDATE,0,UNMATCHED,Stock has zero inventory variant records,v1-read-only
6a860a55bc890767f0aac7e6,colour:ash-grey,AK-CK64-ASH-GREY,XL,0,,,,,,NO_STOCK_CANDIDATE,0,UNMATCHED,Stock has zero inventory variant records,v1-read-only
6a860a55bc890767f0aac7e7,colour:ivory,AK-CK63-IVORY,XS,0,,,,,,NO_STOCK_CANDIDATE,0,UNMATCHED,Stock has zero inventory variant records,v1-read-only
6a860a55bc890767f0aac7e7,colour:ivory,AK-CK63-IVORY,S,0,,,,,,NO_STOCK_CANDIDATE,0,UNMATCHED,Stock has zero inventory variant records,v1-read-only
6a860a55bc890767f0aac7e7,colour:ivory,AK-CK63-IVORY,M,0,,,,,,NO_STOCK_CANDIDATE,0,UNMATCHED,Stock has zero inventory variant records,v1-read-only
6a860a55bc890767f0aac7e7,colour:ivory,AK-CK63-IVORY,L,0,,,,,,NO_STOCK_CANDIDATE,0,UNMATCHED,Stock has zero inventory variant records,v1-read-only
6a860a55bc890767f0aac7e7,colour:ivory,AK-CK63-IVORY,XL,0,,,,,,NO_STOCK_CANDIDATE,0,UNMATCHED,Stock has zero inventory variant records,v1-read-only
6a860a55bc890767f0aac7e8,colour:ivory,AK-CK62-IVORY,XS,0,,,,,,NO_STOCK_CANDIDATE,0,UNMATCHED,Stock has zero inventory variant records,v1-read-only
6a860a55bc890767f0aac7e8,colour:ivory,AK-CK62-IVORY,S,0,,,,,,NO_STOCK_CANDIDATE,0,UNMATCHED,Stock has zero inventory variant records,v1-read-only
6a860a55bc890767f0aac7e8,colour:ivory,AK-CK62-IVORY,M,0,,,,,,NO_STOCK_CANDIDATE,0,UNMATCHED,Stock has zero inventory variant records,v1-read-only
6a860a55bc890767f0aac7e8,colour:ivory,AK-CK62-IVORY,L,0,,,,,,NO_STOCK_CANDIDATE,0,UNMATCHED,Stock has zero inventory variant records,v1-read-only
6a860a55bc890767f0aac7e8,colour:ivory,AK-CK62-IVORY,XL,0,,,,,,NO_STOCK_CANDIDATE,0,UNMATCHED,Stock has zero inventory variant records,v1-read-only
6a8af6d576580aec4b52da00,colour:default,RW-ESPIRITULIBRELOOK01-DEFAULT,XS,0,,,,,,NO_STOCK_CANDIDATE,0,UNMATCHED,Stock has zero inventory variant records,v1-read-only
6a8af6d576580aec4b52da00,colour:default,RW-ESPIRITULIBRELOOK01-DEFAULT,S,0,,,,,,NO_STOCK_CANDIDATE,0,UNMATCHED,Stock has zero inventory variant records,v1-read-only
6a8af6d576580aec4b52da00,colour:default,RW-ESPIRITULIBRELOOK01-DEFAULT,M,0,,,,,,NO_STOCK_CANDIDATE,0,UNMATCHED,Stock has zero inventory variant records,v1-read-only
6a8af6d576580aec4b52da00,colour:default,RW-ESPIRITULIBRELOOK01-DEFAULT,L,0,,,,,,NO_STOCK_CANDIDATE,0,UNMATCHED,Stock has zero inventory variant records,v1-read-only
6a8af6d576580aec4b52da00,colour:default,RW-ESPIRITULIBRELOOK01-DEFAULT,XL,0,,,,,,NO_STOCK_CANDIDATE,0,UNMATCHED,Stock has zero inventory variant records,v1-read-only
6a8af6d676580aec4b52da01,colour:default,RW-ESPIRITULIBRELOOK02-DEFAULT,XS,0,,,,,,NO_STOCK_CANDIDATE,0,UNMATCHED,Stock has zero inventory variant records,v1-read-only
6a8af6d676580aec4b52da01,colour:default,RW-ESPIRITULIBRELOOK02-DEFAULT,S,0,,,,,,NO_STOCK_CANDIDATE,0,UNMATCHED,Stock has zero inventory variant records,v1-read-only
6a8af6d676580aec4b52da01,colour:default,RW-ESPIRITULIBRELOOK02-DEFAULT,M,0,,,,,,NO_STOCK_CANDIDATE,0,UNMATCHED,Stock has zero inventory variant records,v1-read-only
6a8af6d676580aec4b52da01,colour:default,RW-ESPIRITULIBRELOOK02-DEFAULT,L,0,,,,,,NO_STOCK_CANDIDATE,0,UNMATCHED,Stock has zero inventory variant records,v1-read-only
6a8af6d676580aec4b52da01,colour:default,RW-ESPIRITULIBRELOOK02-DEFAULT,XL,0,,,,,,NO_STOCK_CANDIDATE,0,UNMATCHED,Stock has zero inventory variant records,v1-read-only
6a8af6d776580aec4b52da02,colour:default,RW-ESPIRITULIBRELOOK03-DEFAULT,XS,0,,,,,,NO_STOCK_CANDIDATE,0,UNMATCHED,Stock has zero inventory variant records,v1-read-only
6a8af6d776580aec4b52da02,colour:default,RW-ESPIRITULIBRELOOK03-DEFAULT,S,0,,,,,,NO_STOCK_CANDIDATE,0,UNMATCHED,Stock has zero inventory variant records,v1-read-only
6a8af6d776580aec4b52da02,colour:default,RW-ESPIRITULIBRELOOK03-DEFAULT,M,0,,,,,,NO_STOCK_CANDIDATE,0,UNMATCHED,Stock has zero inventory variant records,v1-read-only
6a8af6d776580aec4b52da02,colour:default,RW-ESPIRITULIBRELOOK03-DEFAULT,L,0,,,,,,NO_STOCK_CANDIDATE,0,UNMATCHED,Stock has zero inventory variant records,v1-read-only
6a8af6d776580aec4b52da02,colour:default,RW-ESPIRITULIBRELOOK03-DEFAULT,XL,0,,,,,,NO_STOCK_CANDIDATE,0,UNMATCHED,Stock has zero inventory variant records,v1-read-only
6a8af6d876580aec4b52da03,colour:default,RW-ESPIRITULIBRELOOK04-DEFAULT,XS,0,,,,,,NO_STOCK_CANDIDATE,0,UNMATCHED,Stock has zero inventory variant records,v1-read-only
6a8af6d876580aec4b52da03,colour:default,RW-ESPIRITULIBRELOOK04-DEFAULT,S,0,,,,,,NO_STOCK_CANDIDATE,0,UNMATCHED,Stock has zero inventory variant records,v1-read-only
6a8af6d876580aec4b52da03,colour:default,RW-ESPIRITULIBRELOOK04-DEFAULT,M,0,,,,,,NO_STOCK_CANDIDATE,0,UNMATCHED,Stock has zero inventory variant records,v1-read-only
6a8af6d876580aec4b52da03,colour:default,RW-ESPIRITULIBRELOOK04-DEFAULT,L,0,,,,,,NO_STOCK_CANDIDATE,0,UNMATCHED,Stock has zero inventory variant records,v1-read-only
6a8af6d876580aec4b52da03,colour:default,RW-ESPIRITULIBRELOOK04-DEFAULT,XL,0,,,,,,NO_STOCK_CANDIDATE,0,UNMATCHED,Stock has zero inventory variant records,v1-read-only
6a8af6da76580aec4b52da04,colour:default,RW-ESPIRITULIBRELOOK05-DEFAULT,XS,0,,,,,,NO_STOCK_CANDIDATE,0,UNMATCHED,Stock has zero inventory variant records,v1-read-only
6a8af6da76580aec4b52da04,colour:default,RW-ESPIRITULIBRELOOK05-DEFAULT,S,0,,,,,,NO_STOCK_CANDIDATE,0,UNMATCHED,Stock has zero inventory variant records,v1-read-only
6a8af6da76580aec4b52da04,colour:default,RW-ESPIRITULIBRELOOK05-DEFAULT,M,0,,,,,,NO_STOCK_CANDIDATE,0,UNMATCHED,Stock has zero inventory variant records,v1-read-only
6a8af6da76580aec4b52da04,colour:default,RW-ESPIRITULIBRELOOK05-DEFAULT,L,0,,,,,,NO_STOCK_CANDIDATE,0,UNMATCHED,Stock has zero inventory variant records,v1-read-only
6a8af6da76580aec4b52da04,colour:default,RW-ESPIRITULIBRELOOK05-DEFAULT,XL,0,,,,,,NO_STOCK_CANDIDATE,0,UNMATCHED,Stock has zero inventory variant records,v1-read-only
6a8af6e076580aec4b52da05,colour:default,RW-ESPIRITULIBRELOOK06-DEFAULT,XS,0,,,,,,NO_STOCK_CANDIDATE,0,UNMATCHED,Stock has zero inventory variant records,v1-read-only
6a8af6e076580aec4b52da05,colour:default,RW-ESPIRITULIBRELOOK06-DEFAULT,S,0,,,,,,NO_STOCK_CANDIDATE,0,UNMATCHED,Stock has zero inventory variant records,v1-read-only
6a8af6e076580aec4b52da05,colour:default,RW-ESPIRITULIBRELOOK06-DEFAULT,M,0,,,,,,NO_STOCK_CANDIDATE,0,UNMATCHED,Stock has zero inventory variant records,v1-read-only
6a8af6e076580aec4b52da05,colour:default,RW-ESPIRITULIBRELOOK06-DEFAULT,L,0,,,,,,NO_STOCK_CANDIDATE,0,UNMATCHED,Stock has zero inventory variant records,v1-read-only
6a8af6e076580aec4b52da05,colour:default,RW-ESPIRITULIBRELOOK06-DEFAULT,XL,0,,,,,,NO_STOCK_CANDIDATE,0,UNMATCHED,Stock has zero inventory variant records,v1-read-only
6a8c832f874b95661c8d849b,colour:hot-pink,HK-CK155A-HOT-PINK,XS,0,,,,,,NO_STOCK_CANDIDATE,0,UNMATCHED,Stock has zero inventory variant records,v1-read-only
6a8c832f874b95661c8d849b,colour:hot-pink,HK-CK155A-HOT-PINK,S,0,,,,,,NO_STOCK_CANDIDATE,0,UNMATCHED,Stock has zero inventory variant records,v1-read-only
6a8c832f874b95661c8d849b,colour:hot-pink,HK-CK155A-HOT-PINK,M,0,,,,,,NO_STOCK_CANDIDATE,0,UNMATCHED,Stock has zero inventory variant records,v1-read-only
6a8c832f874b95661c8d849b,colour:hot-pink,HK-CK155A-HOT-PINK,L,0,,,,,,NO_STOCK_CANDIDATE,0,UNMATCHED,Stock has zero inventory variant records,v1-read-only
6a8c832f874b95661c8d849b,colour:hot-pink,HK-CK155A-HOT-PINK,XL,0,,,,,,NO_STOCK_CANDIDATE,0,UNMATCHED,Stock has zero inventory variant records,v1-read-only
6a8c832f874b95661c8d849b,colour:purple,HK-CK155A-PURPLE,XS,0,,,,,,NO_STOCK_CANDIDATE,0,UNMATCHED,Stock has zero inventory variant records,v1-read-only
6a8c832f874b95661c8d849b,colour:purple,HK-CK155A-PURPLE,S,0,,,,,,NO_STOCK_CANDIDATE,0,UNMATCHED,Stock has zero inventory variant records,v1-read-only
6a8c832f874b95661c8d849b,colour:purple,HK-CK155A-PURPLE,M,0,,,,,,NO_STOCK_CANDIDATE,0,UNMATCHED,Stock has zero inventory variant records,v1-read-only
6a8c832f874b95661c8d849b,colour:purple,HK-CK155A-PURPLE,L,0,,,,,,NO_STOCK_CANDIDATE,0,UNMATCHED,Stock has zero inventory variant records,v1-read-only
6a8c832f874b95661c8d849b,colour:purple,HK-CK155A-PURPLE,XL,0,,,,,,NO_STOCK_CANDIDATE,0,UNMATCHED,Stock has zero inventory variant records,v1-read-only
6a8c832f874b95661c8d849b,colour:royal-blue,HK-CK155A-ROYAL-BLUE,XS,0,,,,,,NO_STOCK_CANDIDATE,0,UNMATCHED,Stock has zero inventory variant records,v1-read-only
6a8c832f874b95661c8d849b,colour:royal-blue,HK-CK155A-ROYAL-BLUE,S,0,,,,,,NO_STOCK_CANDIDATE,0,UNMATCHED,Stock has zero inventory variant records,v1-read-only
6a8c832f874b95661c8d849b,colour:royal-blue,HK-CK155A-ROYAL-BLUE,M,0,,,,,,NO_STOCK_CANDIDATE,0,UNMATCHED,Stock has zero inventory variant records,v1-read-only
6a8c832f874b95661c8d849b,colour:royal-blue,HK-CK155A-ROYAL-BLUE,L,0,,,,,,NO_STOCK_CANDIDATE,0,UNMATCHED,Stock has zero inventory variant records,v1-read-only
6a8c832f874b95661c8d849b,colour:royal-blue,HK-CK155A-ROYAL-BLUE,XL,0,,,,,,NO_STOCK_CANDIDATE,0,UNMATCHED,Stock has zero inventory variant records,v1-read-only
6a8c832f874b95661c8d849c,colour:red,HK-CK155-RED,XS,0,,,,,,NO_STOCK_CANDIDATE,0,UNMATCHED,Stock has zero inventory variant records,v1-read-only
6a8c832f874b95661c8d849c,colour:red,HK-CK155-RED,S,0,,,,,,NO_STOCK_CANDIDATE,0,UNMATCHED,Stock has zero inventory variant records,v1-read-only
6a8c832f874b95661c8d849c,colour:red,HK-CK155-RED,M,0,,,,,,NO_STOCK_CANDIDATE,0,UNMATCHED,Stock has zero inventory variant records,v1-read-only
6a8c832f874b95661c8d849c,colour:red,HK-CK155-RED,L,0,,,,,,NO_STOCK_CANDIDATE,0,UNMATCHED,Stock has zero inventory variant records,v1-read-only
6a8c832f874b95661c8d849c,colour:red,HK-CK155-RED,XL,0,,,,,,NO_STOCK_CANDIDATE,0,UNMATCHED,Stock has zero inventory variant records,v1-read-only
6a8c8330874b95661c8d849d,colour:bottle-green,HK-CK171-BOTTLE-GREEN,XS,0,,,,,,NO_STOCK_CANDIDATE,0,UNMATCHED,Stock has zero inventory variant records,v1-read-only
6a8c8330874b95661c8d849d,colour:bottle-green,HK-CK171-BOTTLE-GREEN,S,0,,,,,,NO_STOCK_CANDIDATE,0,UNMATCHED,Stock has zero inventory variant records,v1-read-only
6a8c8330874b95661c8d849d,colour:bottle-green,HK-CK171-BOTTLE-GREEN,M,0,,,,,,NO_STOCK_CANDIDATE,0,UNMATCHED,Stock has zero inventory variant records,v1-read-only
6a8c8330874b95661c8d849d,colour:bottle-green,HK-CK171-BOTTLE-GREEN,L,0,,,,,,NO_STOCK_CANDIDATE,0,UNMATCHED,Stock has zero inventory variant records,v1-read-only
6a8c8330874b95661c8d849d,colour:bottle-green,HK-CK171-BOTTLE-GREEN,XL,0,,,,,,NO_STOCK_CANDIDATE,0,UNMATCHED,Stock has zero inventory variant records,v1-read-only
6a8c8330874b95661c8d849d,colour:hot-pink,HK-CK171-HOT-PINK,XS,0,,,,,,NO_STOCK_CANDIDATE,0,UNMATCHED,Stock has zero inventory variant records,v1-read-only
6a8c8330874b95661c8d849d,colour:hot-pink,HK-CK171-HOT-PINK,S,0,,,,,,NO_STOCK_CANDIDATE,0,UNMATCHED,Stock has zero inventory variant records,v1-read-only
6a8c8330874b95661c8d849d,colour:hot-pink,HK-CK171-HOT-PINK,M,0,,,,,,NO_STOCK_CANDIDATE,0,UNMATCHED,Stock has zero inventory variant records,v1-read-only
6a8c8330874b95661c8d849d,colour:hot-pink,HK-CK171-HOT-PINK,L,0,,,,,,NO_STOCK_CANDIDATE,0,UNMATCHED,Stock has zero inventory variant records,v1-read-only
6a8c8330874b95661c8d849d,colour:hot-pink,HK-CK171-HOT-PINK,XL,0,,,,,,NO_STOCK_CANDIDATE,0,UNMATCHED,Stock has zero inventory variant records,v1-read-only
6a8c8330874b95661c8d849d,colour:purple,HK-CK171-PURPLE,XS,0,,,,,,NO_STOCK_CANDIDATE,0,UNMATCHED,Stock has zero inventory variant records,v1-read-only
6a8c8330874b95661c8d849d,colour:purple,HK-CK171-PURPLE,S,0,,,,,,NO_STOCK_CANDIDATE,0,UNMATCHED,Stock has zero inventory variant records,v1-read-only
6a8c8330874b95661c8d849d,colour:purple,HK-CK171-PURPLE,M,0,,,,,,NO_STOCK_CANDIDATE,0,UNMATCHED,Stock has zero inventory variant records,v1-read-only
6a8c8330874b95661c8d849d,colour:purple,HK-CK171-PURPLE,L,0,,,,,,NO_STOCK_CANDIDATE,0,UNMATCHED,Stock has zero inventory variant records,v1-read-only
6a8c8330874b95661c8d849d,colour:purple,HK-CK171-PURPLE,XL,0,,,,,,NO_STOCK_CANDIDATE,0,UNMATCHED,Stock has zero inventory variant records,v1-read-only
6a8c8330874b95661c8d849d,colour:red,HK-CK171-RED,XS,0,,,,,,NO_STOCK_CANDIDATE,0,UNMATCHED,Stock has zero inventory variant records,v1-read-only
6a8c8330874b95661c8d849d,colour:red,HK-CK171-RED,S,0,,,,,,NO_STOCK_CANDIDATE,0,UNMATCHED,Stock has zero inventory variant records,v1-read-only
6a8c8330874b95661c8d849d,colour:red,HK-CK171-RED,M,0,,,,,,NO_STOCK_CANDIDATE,0,UNMATCHED,Stock has zero inventory variant records,v1-read-only
6a8c8330874b95661c8d849d,colour:red,HK-CK171-RED,L,0,,,,,,NO_STOCK_CANDIDATE,0,UNMATCHED,Stock has zero inventory variant records,v1-read-only
6a8c8330874b95661c8d849d,colour:red,HK-CK171-RED,XL,0,,,,,,NO_STOCK_CANDIDATE,0,UNMATCHED,Stock has zero inventory variant records,v1-read-only
6a8c8330874b95661c8d849d,colour:royal-blue,HK-CK171-ROYAL-BLUE,XS,0,,,,,,NO_STOCK_CANDIDATE,0,UNMATCHED,Stock has zero inventory variant records,v1-read-only
6a8c8330874b95661c8d849d,colour:royal-blue,HK-CK171-ROYAL-BLUE,S,0,,,,,,NO_STOCK_CANDIDATE,0,UNMATCHED,Stock has zero inventory variant records,v1-read-only
6a8c8330874b95661c8d849d,colour:royal-blue,HK-CK171-ROYAL-BLUE,M,0,,,,,,NO_STOCK_CANDIDATE,0,UNMATCHED,Stock has zero inventory variant records,v1-read-only
6a8c8330874b95661c8d849d,colour:royal-blue,HK-CK171-ROYAL-BLUE,L,0,,,,,,NO_STOCK_CANDIDATE,0,UNMATCHED,Stock has zero inventory variant records,v1-read-only
6a8c8330874b95661c8d849d,colour:royal-blue,HK-CK171-ROYAL-BLUE,XL,0,,,,,,NO_STOCK_CANDIDATE,0,UNMATCHED,Stock has zero inventory variant records,v1-read-only
6a8c8330874b95661c8d849e,colour:bottle-green,HK-CK172-BOTTLE-GREEN,XS,0,,,,,,NO_STOCK_CANDIDATE,0,UNMATCHED,Stock has zero inventory variant records,v1-read-only
6a8c8330874b95661c8d849e,colour:bottle-green,HK-CK172-BOTTLE-GREEN,S,0,,,,,,NO_STOCK_CANDIDATE,0,UNMATCHED,Stock has zero inventory variant records,v1-read-only
6a8c8330874b95661c8d849e,colour:bottle-green,HK-CK172-BOTTLE-GREEN,M,0,,,,,,NO_STOCK_CANDIDATE,0,UNMATCHED,Stock has zero inventory variant records,v1-read-only
6a8c8330874b95661c8d849e,colour:bottle-green,HK-CK172-BOTTLE-GREEN,L,0,,,,,,NO_STOCK_CANDIDATE,0,UNMATCHED,Stock has zero inventory variant records,v1-read-only
6a8c8330874b95661c8d849e,colour:bottle-green,HK-CK172-BOTTLE-GREEN,XL,0,,,,,,NO_STOCK_CANDIDATE,0,UNMATCHED,Stock has zero inventory variant records,v1-read-only
6a8c8330874b95661c8d849e,colour:hot-pink,HK-CK172-HOT-PINK,XS,0,,,,,,NO_STOCK_CANDIDATE,0,UNMATCHED,Stock has zero inventory variant records,v1-read-only
6a8c8330874b95661c8d849e,colour:hot-pink,HK-CK172-HOT-PINK,S,0,,,,,,NO_STOCK_CANDIDATE,0,UNMATCHED,Stock has zero inventory variant records,v1-read-only
6a8c8330874b95661c8d849e,colour:hot-pink,HK-CK172-HOT-PINK,M,0,,,,,,NO_STOCK_CANDIDATE,0,UNMATCHED,Stock has zero inventory variant records,v1-read-only
6a8c8330874b95661c8d849e,colour:hot-pink,HK-CK172-HOT-PINK,L,0,,,,,,NO_STOCK_CANDIDATE,0,UNMATCHED,Stock has zero inventory variant records,v1-read-only
6a8c8330874b95661c8d849e,colour:hot-pink,HK-CK172-HOT-PINK,XL,0,,,,,,NO_STOCK_CANDIDATE,0,UNMATCHED,Stock has zero inventory variant records,v1-read-only
6a8c8330874b95661c8d849e,colour:purple,HK-CK172-PURPLE,XS,0,,,,,,NO_STOCK_CANDIDATE,0,UNMATCHED,Stock has zero inventory variant records,v1-read-only
6a8c8330874b95661c8d849e,colour:purple,HK-CK172-PURPLE,S,0,,,,,,NO_STOCK_CANDIDATE,0,UNMATCHED,Stock has zero inventory variant records,v1-read-only
6a8c8330874b95661c8d849e,colour:purple,HK-CK172-PURPLE,M,0,,,,,,NO_STOCK_CANDIDATE,0,UNMATCHED,Stock has zero inventory variant records,v1-read-only
6a8c8330874b95661c8d849e,colour:purple,HK-CK172-PURPLE,L,0,,,,,,NO_STOCK_CANDIDATE,0,UNMATCHED,Stock has zero inventory variant records,v1-read-only
6a8c8330874b95661c8d849e,colour:purple,HK-CK172-PURPLE,XL,0,,,,,,NO_STOCK_CANDIDATE,0,UNMATCHED,Stock has zero inventory variant records,v1-read-only
6a8c8330874b95661c8d849e,colour:red,HK-CK172-RED,XS,0,,,,,,NO_STOCK_CANDIDATE,0,UNMATCHED,Stock has zero inventory variant records,v1-read-only
6a8c8330874b95661c8d849e,colour:red,HK-CK172-RED,S,0,,,,,,NO_STOCK_CANDIDATE,0,UNMATCHED,Stock has zero inventory variant records,v1-read-only
6a8c8330874b95661c8d849e,colour:red,HK-CK172-RED,M,0,,,,,,NO_STOCK_CANDIDATE,0,UNMATCHED,Stock has zero inventory variant records,v1-read-only
6a8c8330874b95661c8d849e,colour:red,HK-CK172-RED,L,0,,,,,,NO_STOCK_CANDIDATE,0,UNMATCHED,Stock has zero inventory variant records,v1-read-only
6a8c8330874b95661c8d849e,colour:red,HK-CK172-RED,XL,0,,,,,,NO_STOCK_CANDIDATE,0,UNMATCHED,Stock has zero inventory variant records,v1-read-only
6a8c8330874b95661c8d849e,colour:royal-blue,HK-CK172-ROYAL-BLUE,XS,0,,,,,,NO_STOCK_CANDIDATE,0,UNMATCHED,Stock has zero inventory variant records,v1-read-only
6a8c8330874b95661c8d849e,colour:royal-blue,HK-CK172-ROYAL-BLUE,S,0,,,,,,NO_STOCK_CANDIDATE,0,UNMATCHED,Stock has zero inventory variant records,v1-read-only
6a8c8330874b95661c8d849e,colour:royal-blue,HK-CK172-ROYAL-BLUE,M,0,,,,,,NO_STOCK_CANDIDATE,0,UNMATCHED,Stock has zero inventory variant records,v1-read-only
6a8c8330874b95661c8d849e,colour:royal-blue,HK-CK172-ROYAL-BLUE,L,0,,,,,,NO_STOCK_CANDIDATE,0,UNMATCHED,Stock has zero inventory variant records,v1-read-only
6a8c8330874b95661c8d849e,colour:royal-blue,HK-CK172-ROYAL-BLUE,XL,0,,,,,,NO_STOCK_CANDIDATE,0,UNMATCHED,Stock has zero inventory variant records,v1-read-only
6a8c8331874b95661c8d849f,colour:hot-pink,HK-CK173-HOT-PINK,XS,0,,,,,,NO_STOCK_CANDIDATE,0,UNMATCHED,Stock has zero inventory variant records,v1-read-only
6a8c8331874b95661c8d849f,colour:hot-pink,HK-CK173-HOT-PINK,S,0,,,,,,NO_STOCK_CANDIDATE,0,UNMATCHED,Stock has zero inventory variant records,v1-read-only
6a8c8331874b95661c8d849f,colour:hot-pink,HK-CK173-HOT-PINK,M,0,,,,,,NO_STOCK_CANDIDATE,0,UNMATCHED,Stock has zero inventory variant records,v1-read-only
6a8c8331874b95661c8d849f,colour:hot-pink,HK-CK173-HOT-PINK,L,0,,,,,,NO_STOCK_CANDIDATE,0,UNMATCHED,Stock has zero inventory variant records,v1-read-only
6a8c8331874b95661c8d849f,colour:hot-pink,HK-CK173-HOT-PINK,XL,0,,,,,,NO_STOCK_CANDIDATE,0,UNMATCHED,Stock has zero inventory variant records,v1-read-only
6a8c8331874b95661c8d849f,colour:purple,HK-CK173-PURPLE,XS,0,,,,,,NO_STOCK_CANDIDATE,0,UNMATCHED,Stock has zero inventory variant records,v1-read-only
6a8c8331874b95661c8d849f,colour:purple,HK-CK173-PURPLE,S,0,,,,,,NO_STOCK_CANDIDATE,0,UNMATCHED,Stock has zero inventory variant records,v1-read-only
6a8c8331874b95661c8d849f,colour:purple,HK-CK173-PURPLE,M,0,,,,,,NO_STOCK_CANDIDATE,0,UNMATCHED,Stock has zero inventory variant records,v1-read-only
6a8c8331874b95661c8d849f,colour:purple,HK-CK173-PURPLE,L,0,,,,,,NO_STOCK_CANDIDATE,0,UNMATCHED,Stock has zero inventory variant records,v1-read-only
6a8c8331874b95661c8d849f,colour:purple,HK-CK173-PURPLE,XL,0,,,,,,NO_STOCK_CANDIDATE,0,UNMATCHED,Stock has zero inventory variant records,v1-read-only
6a8c8331874b95661c8d849f,colour:red,HK-CK173-RED,XS,0,,,,,,NO_STOCK_CANDIDATE,0,UNMATCHED,Stock has zero inventory variant records,v1-read-only
6a8c8331874b95661c8d849f,colour:red,HK-CK173-RED,S,0,,,,,,NO_STOCK_CANDIDATE,0,UNMATCHED,Stock has zero inventory variant records,v1-read-only
6a8c8331874b95661c8d849f,colour:red,HK-CK173-RED,M,0,,,,,,NO_STOCK_CANDIDATE,0,UNMATCHED,Stock has zero inventory variant records,v1-read-only
6a8c8331874b95661c8d849f,colour:red,HK-CK173-RED,L,0,,,,,,NO_STOCK_CANDIDATE,0,UNMATCHED,Stock has zero inventory variant records,v1-read-only
6a8c8331874b95661c8d849f,colour:red,HK-CK173-RED,XL,0,,,,,,NO_STOCK_CANDIDATE,0,UNMATCHED,Stock has zero inventory variant records,v1-read-only
6a8c8331874b95661c8d849f,colour:royal-blue,HK-CK173-ROYAL-BLUE,XS,0,,,,,,NO_STOCK_CANDIDATE,0,UNMATCHED,Stock has zero inventory variant records,v1-read-only
6a8c8331874b95661c8d849f,colour:royal-blue,HK-CK173-ROYAL-BLUE,S,0,,,,,,NO_STOCK_CANDIDATE,0,UNMATCHED,Stock has zero inventory variant records,v1-read-only
6a8c8331874b95661c8d849f,colour:royal-blue,HK-CK173-ROYAL-BLUE,M,0,,,,,,NO_STOCK_CANDIDATE,0,UNMATCHED,Stock has zero inventory variant records,v1-read-only
6a8c8331874b95661c8d849f,colour:royal-blue,HK-CK173-ROYAL-BLUE,L,0,,,,,,NO_STOCK_CANDIDATE,0,UNMATCHED,Stock has zero inventory variant records,v1-read-only
6a8c8331874b95661c8d849f,colour:royal-blue,HK-CK173-ROYAL-BLUE,XL,0,,,,,,NO_STOCK_CANDIDATE,0,UNMATCHED,Stock has zero inventory variant records,v1-read-only
6a8c8331874b95661c8d84a0,colour:bottle-green,HK-CK184-BOTTLE-GREEN,XS,0,,,,,,NO_STOCK_CANDIDATE,0,UNMATCHED,Stock has zero inventory variant records,v1-read-only
6a8c8331874b95661c8d84a0,colour:bottle-green,HK-CK184-BOTTLE-GREEN,S,0,,,,,,NO_STOCK_CANDIDATE,0,UNMATCHED,Stock has zero inventory variant records,v1-read-only
6a8c8331874b95661c8d84a0,colour:bottle-green,HK-CK184-BOTTLE-GREEN,M,0,,,,,,NO_STOCK_CANDIDATE,0,UNMATCHED,Stock has zero inventory variant records,v1-read-only
6a8c8331874b95661c8d84a0,colour:bottle-green,HK-CK184-BOTTLE-GREEN,L,0,,,,,,NO_STOCK_CANDIDATE,0,UNMATCHED,Stock has zero inventory variant records,v1-read-only
6a8c8331874b95661c8d84a0,colour:bottle-green,HK-CK184-BOTTLE-GREEN,XL,0,,,,,,NO_STOCK_CANDIDATE,0,UNMATCHED,Stock has zero inventory variant records,v1-read-only
6a8c8331874b95661c8d84a0,colour:red,HK-CK184-RED,XS,0,,,,,,NO_STOCK_CANDIDATE,0,UNMATCHED,Stock has zero inventory variant records,v1-read-only
6a8c8331874b95661c8d84a0,colour:red,HK-CK184-RED,S,0,,,,,,NO_STOCK_CANDIDATE,0,UNMATCHED,Stock has zero inventory variant records,v1-read-only
6a8c8331874b95661c8d84a0,colour:red,HK-CK184-RED,M,0,,,,,,NO_STOCK_CANDIDATE,0,UNMATCHED,Stock has zero inventory variant records,v1-read-only
6a8c8331874b95661c8d84a0,colour:red,HK-CK184-RED,L,0,,,,,,NO_STOCK_CANDIDATE,0,UNMATCHED,Stock has zero inventory variant records,v1-read-only
6a8c8331874b95661c8d84a0,colour:red,HK-CK184-RED,XL,0,,,,,,NO_STOCK_CANDIDATE,0,UNMATCHED,Stock has zero inventory variant records,v1-read-only
6a8c8331874b95661c8d84a1,colour:bottle-green,HK-CK186-BOTTLE-GREEN,XS,0,,,,,,NO_STOCK_CANDIDATE,0,UNMATCHED,Stock has zero inventory variant records,v1-read-only
6a8c8331874b95661c8d84a1,colour:bottle-green,HK-CK186-BOTTLE-GREEN,S,0,,,,,,NO_STOCK_CANDIDATE,0,UNMATCHED,Stock has zero inventory variant records,v1-read-only
6a8c8331874b95661c8d84a1,colour:bottle-green,HK-CK186-BOTTLE-GREEN,M,0,,,,,,NO_STOCK_CANDIDATE,0,UNMATCHED,Stock has zero inventory variant records,v1-read-only
6a8c8331874b95661c8d84a1,colour:bottle-green,HK-CK186-BOTTLE-GREEN,L,0,,,,,,NO_STOCK_CANDIDATE,0,UNMATCHED,Stock has zero inventory variant records,v1-read-only
6a8c8331874b95661c8d84a1,colour:bottle-green,HK-CK186-BOTTLE-GREEN,XL,0,,,,,,NO_STOCK_CANDIDATE,0,UNMATCHED,Stock has zero inventory variant records,v1-read-only
6a8c8331874b95661c8d84a1,colour:hot-pink,HK-CK186-HOT-PINK,XS,0,,,,,,NO_STOCK_CANDIDATE,0,UNMATCHED,Stock has zero inventory variant records,v1-read-only
6a8c8331874b95661c8d84a1,colour:hot-pink,HK-CK186-HOT-PINK,S,0,,,,,,NO_STOCK_CANDIDATE,0,UNMATCHED,Stock has zero inventory variant records,v1-read-only
6a8c8331874b95661c8d84a1,colour:hot-pink,HK-CK186-HOT-PINK,M,0,,,,,,NO_STOCK_CANDIDATE,0,UNMATCHED,Stock has zero inventory variant records,v1-read-only
6a8c8331874b95661c8d84a1,colour:hot-pink,HK-CK186-HOT-PINK,L,0,,,,,,NO_STOCK_CANDIDATE,0,UNMATCHED,Stock has zero inventory variant records,v1-read-only
6a8c8331874b95661c8d84a1,colour:hot-pink,HK-CK186-HOT-PINK,XL,0,,,,,,NO_STOCK_CANDIDATE,0,UNMATCHED,Stock has zero inventory variant records,v1-read-only
6a8c8331874b95661c8d84a1,colour:purple,HK-CK186-PURPLE,XS,0,,,,,,NO_STOCK_CANDIDATE,0,UNMATCHED,Stock has zero inventory variant records,v1-read-only
6a8c8331874b95661c8d84a1,colour:purple,HK-CK186-PURPLE,S,0,,,,,,NO_STOCK_CANDIDATE,0,UNMATCHED,Stock has zero inventory variant records,v1-read-only
6a8c8331874b95661c8d84a1,colour:purple,HK-CK186-PURPLE,M,0,,,,,,NO_STOCK_CANDIDATE,0,UNMATCHED,Stock has zero inventory variant records,v1-read-only
6a8c8331874b95661c8d84a1,colour:purple,HK-CK186-PURPLE,L,0,,,,,,NO_STOCK_CANDIDATE,0,UNMATCHED,Stock has zero inventory variant records,v1-read-only
6a8c8331874b95661c8d84a1,colour:purple,HK-CK186-PURPLE,XL,0,,,,,,NO_STOCK_CANDIDATE,0,UNMATCHED,Stock has zero inventory variant records,v1-read-only
6a8c8331874b95661c8d84a1,colour:royal-blue,HK-CK186-ROYAL-BLUE,XS,0,,,,,,NO_STOCK_CANDIDATE,0,UNMATCHED,Stock has zero inventory variant records,v1-read-only
6a8c8331874b95661c8d84a1,colour:royal-blue,HK-CK186-ROYAL-BLUE,S,0,,,,,,NO_STOCK_CANDIDATE,0,UNMATCHED,Stock has zero inventory variant records,v1-read-only
6a8c8331874b95661c8d84a1,colour:royal-blue,HK-CK186-ROYAL-BLUE,M,0,,,,,,NO_STOCK_CANDIDATE,0,UNMATCHED,Stock has zero inventory variant records,v1-read-only
6a8c8331874b95661c8d84a1,colour:royal-blue,HK-CK186-ROYAL-BLUE,L,0,,,,,,NO_STOCK_CANDIDATE,0,UNMATCHED,Stock has zero inventory variant records,v1-read-only
6a8c8331874b95661c8d84a1,colour:royal-blue,HK-CK186-ROYAL-BLUE,XL,0,,,,,,NO_STOCK_CANDIDATE,0,UNMATCHED,Stock has zero inventory variant records,v1-read-only
