rk_web_id,rk_web_name,rk_web_sku,rk_web_product_code,rk_web_collection,rk_web_collection_slug,rk_web_status,rk_web_price,rk_web_currency,rk_web_tax_inclusive,rk_web_product_stock,stock_candidate_id,match_rule,confidence,status,reason,mapping_version,created_at,side
6a7da36f8599810de42d79e2,Dummy Anamika,ANAMIKA-001,DUMMYANAMIKA,,,archived/inactive,120000.0,INR,,5,,NO_STOCK_CANDIDATE,0,UNMATCHED,Stock has zero product/configuration records,v1-read-only,2026-09-30T06:57:19.251801+00:00,RK-WEB
6a7da36f8599810de42d79e4,Dummy Hastakala,HASTAKALA-001,DUMMYHASTAKALA,,,archived/inactive,95000,INR,,0,,NO_STOCK_CANDIDATE,0,UNMATCHED,Stock has zero product/configuration records,v1-read-only,2026-09-30T06:57:19.251801+00:00,RK-WEB
6a7da36f8599810de42d79e6,Dummy Inaara,INAARA-001,DUMMYINAARA,,,active,150000,INR,,0,,NO_STOCK_CANDIDATE,0,UNMATCHED,Stock has zero product/configuration records,v1-read-only,2026-09-30T06:57:19.251801+00:00,RK-WEB
6a7da36f8599810de42d79e8,Dummy Naqab,NAQAB-001,DUMMYNAQAB,,,archived/inactive,110000,INR,,3,,NO_STOCK_CANDIDATE,0,UNMATCHED,Stock has zero product/configuration records,v1-read-only,2026-09-30T06:57:19.251801+00:00,RK-WEB
6a7da36f8599810de42d79ea,Dummy Sandook,SANDOOK-001,DUMMYSANDOOK,,,archived/inactive,125000,INR,,1,,NO_STOCK_CANDIDATE,0,UNMATCHED,Stock has zero product/configuration records,v1-read-only,2026-09-30T06:57:19.251801+00:00,RK-WEB
6a80654eebf446bc2f03364b,173 - Hot Pink,HK-173-HP,173,,,active,125000,INR,False,0,,NO_STOCK_CANDIDATE,0,UNMATCHED,Stock has zero product/configuration records,v1-read-only,2026-09-30T06:57:19.251801+00:00,RK-WEB
6a80654eebf446bc2f03364c,186 - Ivory,IA-186-IV,186,,,active,140000.0,INR,,0,,NO_STOCK_CANDIDATE,0,UNMATCHED,Stock has zero product/configuration records,v1-read-only,2026-09-30T06:57:19.251801+00:00,RK-WEB
6a860a51bc890767f0aac7d9,CK-45,CK-45,CK45,,,active,85000,INR,True,0,,NO_STOCK_CANDIDATE,0,UNMATCHED,Stock has zero product/configuration records,v1-read-only,2026-09-30T06:57:19.251801+00:00,RK-WEB
6a860a52bc890767f0aac7da,CK-05,CK-05,CK05,,,active,78000,INR,True,0,,NO_STOCK_CANDIDATE,0,UNMATCHED,Stock has zero product/configuration records,v1-read-only,2026-09-30T06:57:19.251801+00:00,RK-WEB
6a860a53bc890767f0aac7db,CK-55,CK-55,CK55,,,active,98000,INR,True,0,,NO_STOCK_CANDIDATE,0,UNMATCHED,Stock has zero product/configuration records,v1-read-only,2026-09-30T06:57:19.251801+00:00,RK-WEB
6a860a54bc890767f0aac7dc,CK-56 A,CK-56 A,CK56A,,,active,78000,INR,True,0,,NO_STOCK_CANDIDATE,0,UNMATCHED,Stock has zero product/configuration records,v1-read-only,2026-09-30T06:57:19.251801+00:00,RK-WEB
6a860a54bc890767f0aac7dd,CK-44,CK-44,CK44,,,active,88000,INR,True,0,,NO_STOCK_CANDIDATE,0,UNMATCHED,Stock has zero product/configuration records,v1-read-only,2026-09-30T06:57:19.251801+00:00,RK-WEB
6a860a55bc890767f0aac7de,CK-27,CK-27,CK27,,,active,78000,INR,True,0,,NO_STOCK_CANDIDATE,0,UNMATCHED,Stock has zero product/configuration records,v1-read-only,2026-09-30T06:57:19.251801+00:00,RK-WEB
6a860a55bc890767f0aac7df,CK-36,CK-36,CK36,,,active,78000,INR,True,0,,NO_STOCK_CANDIDATE,0,UNMATCHED,Stock has zero product/configuration records,v1-read-only,2026-09-30T06:57:19.251801+00:00,RK-WEB
6a860a55bc890767f0aac7e0,CK-17,CK-17,CK17,,,active,158000,INR,True,0,,NO_STOCK_CANDIDATE,0,UNMATCHED,Stock has zero product/configuration records,v1-read-only,2026-09-30T06:57:19.251801+00:00,RK-WEB
6a860a55bc890767f0aac7e1,CK-49,CK-49,CK49,,,active,88000,INR,True,0,,NO_STOCK_CANDIDATE,0,UNMATCHED,Stock has zero product/configuration records,v1-read-only,2026-09-30T06:57:19.251801+00:00,RK-WEB
6a860a55bc890767f0aac7e2,CK-50,CK-50,CK50,,,active,128000,INR,True,0,,NO_STOCK_CANDIDATE,0,UNMATCHED,Stock has zero product/configuration records,v1-read-only,2026-09-30T06:57:19.251801+00:00,RK-WEB
6a860a55bc890767f0aac7e3,CK-51,CK-51,CK51,,,active,138000,INR,True,0,,NO_STOCK_CANDIDATE,0,UNMATCHED,Stock has zero product/configuration records,v1-read-only,2026-09-30T06:57:19.251801+00:00,RK-WEB
6a860a55bc890767f0aac7e4,CK-53,CK-53,CK53,,,active,68000,INR,True,0,,NO_STOCK_CANDIDATE,0,UNMATCHED,Stock has zero product/configuration records,v1-read-only,2026-09-30T06:57:19.251801+00:00,RK-WEB
6a860a55bc890767f0aac7e5,CK-10A,CK-10A,CK10A,,,active,148000,INR,True,0,,NO_STOCK_CANDIDATE,0,UNMATCHED,Stock has zero product/configuration records,v1-read-only,2026-09-30T06:57:19.251801+00:00,RK-WEB
6a860a55bc890767f0aac7e6,CK-64,CK-64,CK64,,,active,85000,INR,True,0,,NO_STOCK_CANDIDATE,0,UNMATCHED,Stock has zero product/configuration records,v1-read-only,2026-09-30T06:57:19.251801+00:00,RK-WEB
6a860a55bc890767f0aac7e7,CK-63,CK-63,CK63,,,active,98000,INR,True,0,,NO_STOCK_CANDIDATE,0,UNMATCHED,Stock has zero product/configuration records,v1-read-only,2026-09-30T06:57:19.251801+00:00,RK-WEB
6a860a55bc890767f0aac7e8,CK-62,CK-62,CK62,,,active,85000,INR,True,0,,NO_STOCK_CANDIDATE,0,UNMATCHED,Stock has zero product/configuration records,v1-read-only,2026-09-30T06:57:19.251801+00:00,RK-WEB
6a8af6d576580aec4b52da00,Espiritu Libre — Look 01,RW-LFW-01,ESPIRITULIBRELOOK01,,,active,,INR,False,0,,NO_STOCK_CANDIDATE,0,UNMATCHED,Stock has zero product/configuration records,v1-read-only,2026-09-30T06:57:19.251801+00:00,RK-WEB
6a8af6d676580aec4b52da01,Espiritu Libre — Look 02,RW-LFW-02,ESPIRITULIBRELOOK02,,,active,,INR,False,0,,NO_STOCK_CANDIDATE,0,UNMATCHED,Stock has zero product/configuration records,v1-read-only,2026-09-30T06:57:19.251801+00:00,RK-WEB
6a8af6d776580aec4b52da02,Espiritu Libre — Look 03,RW-LFW-03,ESPIRITULIBRELOOK03,,,active,,INR,False,0,,NO_STOCK_CANDIDATE,0,UNMATCHED,Stock has zero product/configuration records,v1-read-only,2026-09-30T06:57:19.251801+00:00,RK-WEB
6a8af6d876580aec4b52da03,Espiritu Libre — Look 04,RW-LFW-04,ESPIRITULIBRELOOK04,,,active,,INR,False,0,,NO_STOCK_CANDIDATE,0,UNMATCHED,Stock has zero product/configuration records,v1-read-only,2026-09-30T06:57:19.251801+00:00,RK-WEB
6a8af6da76580aec4b52da04,Espiritu Libre — Look 05,RW-LFW-05,ESPIRITULIBRELOOK05,,,active,,INR,False,0,,NO_STOCK_CANDIDATE,0,UNMATCHED,Stock has zero product/configuration records,v1-read-only,2026-09-30T06:57:19.251801+00:00,RK-WEB
6a8af6e076580aec4b52da05,Espiritu Libre — Look 06,RW-LFW-06,ESPIRITULIBRELOOK06,,,active,,INR,False,0,,NO_STOCK_CANDIDATE,0,UNMATCHED,Stock has zero product/configuration records,v1-read-only,2026-09-30T06:57:19.251801+00:00,RK-WEB
6a8c832f874b95661c8d849b,CK-155-A,CK-155-A,CK155A,,,active,135000,INR,True,0,,NO_STOCK_CANDIDATE,0,UNMATCHED,Stock has zero product/configuration records,v1-read-only,2026-09-30T06:57:19.251801+00:00,RK-WEB
6a8c832f874b95661c8d849c,CK-155,CK-155,CK155,,,active,135000,INR,True,0,,NO_STOCK_CANDIDATE,0,UNMATCHED,Stock has zero product/configuration records,v1-read-only,2026-09-30T06:57:19.251801+00:00,RK-WEB
6a8c8330874b95661c8d849d,CK-171,CK-171,CK171,,,active,118684,INR,True,0,,NO_STOCK_CANDIDATE,0,UNMATCHED,Stock has zero product/configuration records,v1-read-only,2026-09-30T06:57:19.251801+00:00,RK-WEB
6a8c8330874b95661c8d849e,CK-172,CK-172,CK172,,,active,161004,INR,True,0,,NO_STOCK_CANDIDATE,0,UNMATCHED,Stock has zero product/configuration records,v1-read-only,2026-09-30T06:57:19.251801+00:00,RK-WEB
6a8c8331874b95661c8d849f,CK-173,CK-173,CK173,,,active,150424,INR,True,0,,NO_STOCK_CANDIDATE,0,UNMATCHED,Stock has zero product/configuration records,v1-read-only,2026-09-30T06:57:19.251801+00:00,RK-WEB
6a8c8331874b95661c8d84a0,CK-184,CK-184,CK184,,,active,103684,INR,True,0,,NO_STOCK_CANDIDATE,0,UNMATCHED,Stock has zero product/configuration records,v1-read-only,2026-09-30T06:57:19.251801+00:00,RK-WEB
6a8c8331874b95661c8d84a1,CK-186,CK-186,CK186,,,active,108104,INR,True,0,,NO_STOCK_CANDIDATE,0,UNMATCHED,Stock has zero product/configuration records,v1-read-only,2026-09-30T06:57:19.251801+00:00,RK-WEB
6a9579ac988e696d5bdf61f7,Aarohi,AA-IND-01,AAROHI,,,active,,INR,False,0,,NO_STOCK_CANDIDATE,0,UNMATCHED,Stock has zero product/configuration records,v1-read-only,2026-09-30T06:57:19.251801+00:00,RK-WEB
6a9579ac988e696d5bdf61f8,Ananya,AA-IND-02,ANANYA,,,active,,INR,False,0,,NO_STOCK_CANDIDATE,0,UNMATCHED,Stock has zero product/configuration records,v1-read-only,2026-09-30T06:57:19.251801+00:00,RK-WEB
6a9579ac988e696d5bdf61f9,Avani,AA-IND-03,AVANI,,,active,,INR,False,0,,NO_STOCK_CANDIDATE,0,UNMATCHED,Stock has zero product/configuration records,v1-read-only,2026-09-30T06:57:19.251801+00:00,RK-WEB
6a9579ac988e696d5bdf61fa,Charvi,AA-IND-04,CHARVI,,,active,,INR,False,0,,NO_STOCK_CANDIDATE,0,UNMATCHED,Stock has zero product/configuration records,v1-read-only,2026-09-30T06:57:19.251801+00:00,RK-WEB
6a9579ad988e696d5bdf61fb,Devika,AA-IND-05,DEVIKA,,,active,,INR,False,0,,NO_STOCK_CANDIDATE,0,UNMATCHED,Stock has zero product/configuration records,v1-read-only,2026-09-30T06:57:19.251801+00:00,RK-WEB
6a9579ad988e696d5bdf61fc,Eshani,AA-IND-06,ESHANI,,,active,,INR,False,0,,NO_STOCK_CANDIDATE,0,UNMATCHED,Stock has zero product/configuration records,v1-read-only,2026-09-30T06:57:19.251801+00:00,RK-WEB
6a9579ad988e696d5bdf61fd,Ira,AA-IND-07,IRA,,,active,,INR,False,0,,NO_STOCK_CANDIDATE,0,UNMATCHED,Stock has zero product/configuration records,v1-read-only,2026-09-30T06:57:19.251801+00:00,RK-WEB
6a9579ad988e696d5bdf61fe,Kavya,AA-IND-08,KAVYA,,,active,,INR,False,0,,NO_STOCK_CANDIDATE,0,UNMATCHED,Stock has zero product/configuration records,v1-read-only,2026-09-30T06:57:19.251801+00:00,RK-WEB
6a9579ad988e696d5bdf61ff,Lavanya,AA-IND-09,LAVANYA,,,active,,INR,False,0,,NO_STOCK_CANDIDATE,0,UNMATCHED,Stock has zero product/configuration records,v1-read-only,2026-09-30T06:57:19.251801+00:00,RK-WEB
6a9579ad988e696d5bdf6200,Malvika,AA-IND-10,MALVIKA,,,active,,INR,False,0,,NO_STOCK_CANDIDATE,0,UNMATCHED,Stock has zero product/configuration records,v1-read-only,2026-09-30T06:57:19.251801+00:00,RK-WEB
6a9579ad988e696d5bdf6201,Mrinalini,AA-IND-11,MRINALINI,,,active,,INR,False,0,,NO_STOCK_CANDIDATE,0,UNMATCHED,Stock has zero product/configuration records,v1-read-only,2026-09-30T06:57:19.251801+00:00,RK-WEB
6a9579ad988e696d5bdf6202,Nandini,AA-IND-12,NANDINI,,,active,,INR,False,0,,NO_STOCK_CANDIDATE,0,UNMATCHED,Stock has zero product/configuration records,v1-read-only,2026-09-30T06:57:19.251801+00:00,RK-WEB
6a9579ad988e696d5bdf6203,Padma,AA-IND-13,PADMA,,,active,,INR,False,0,,NO_STOCK_CANDIDATE,0,UNMATCHED,Stock has zero product/configuration records,v1-read-only,2026-09-30T06:57:19.251801+00:00,RK-WEB
6a9579ae988e696d5bdf6204,Rajeshwari,AA-IND-14,RAJESHWARI,,,active,,INR,False,0,,NO_STOCK_CANDIDATE,0,UNMATCHED,Stock has zero product/configuration records,v1-read-only,2026-09-30T06:57:19.251801+00:00,RK-WEB
6a9579ae988e696d5bdf6205,Ruhika,AA-IND-15,RUHIKA,,,active,,INR,False,0,,NO_STOCK_CANDIDATE,0,UNMATCHED,Stock has zero product/configuration records,v1-read-only,2026-09-30T06:57:19.251801+00:00,RK-WEB
6a9579ae988e696d5bdf6206,Sharanya,AA-IND-16,SHARANYA,,,active,,INR,False,0,,NO_STOCK_CANDIDATE,0,UNMATCHED,Stock has zero product/configuration records,v1-read-only,2026-09-30T06:57:19.251801+00:00,RK-WEB
6a9579ae988e696d5bdf6207,Tarini,AA-IND-17,TARINI,,,active,,INR,False,0,,NO_STOCK_CANDIDATE,0,UNMATCHED,Stock has zero product/configuration records,v1-read-only,2026-09-30T06:57:19.251801+00:00,RK-WEB
6a9579ae988e696d5bdf6208,Vaidehi,AA-IND-18,VAIDEHI,,,active,,INR,False,0,,NO_STOCK_CANDIDATE,0,UNMATCHED,Stock has zero product/configuration records,v1-read-only,2026-09-30T06:57:19.251801+00:00,RK-WEB
6a9579ae988e696d5bdf6209,Vasanti,AA-IND-19,VASANTI,,,active,,INR,False,0,,NO_STOCK_CANDIDATE,0,UNMATCHED,Stock has zero product/configuration records,v1-read-only,2026-09-30T06:57:19.251801+00:00,RK-WEB
6a9579ae988e696d5bdf620a,Yamini,AA-IND-20,YAMINI,,,active,,INR,False,0,,NO_STOCK_CANDIDATE,0,UNMATCHED,Stock has zero product/configuration records,v1-read-only,2026-09-30T06:57:19.251801+00:00,RK-WEB
